Year,Chassis,Guessed_Make,Guessed_Model
1923,Bignan 11CV Desmo Sport,Bignan,11CV Desmo Sport
1923,Bignan 11CV Sport,Bignan,11CV Sport
1923,Excelsior Adex C,Excelsior,Adex C
1923,Lorraine-Dietrich B3-6 Sport,Lorraine,Dietrich B3-6 Sport
1923,Excelsior Adex C,Excelsior,Adex C
1923,Brasier TB4,Brasier,TB4
1923,Salmson VAL-3,Salmson,VAL-3
1923,Salmson VAL-3,Salmson,VAL-3
1923,Georges Irat Type 4A Sport,Georges,Irat Type 4A Sport
1923,Rolland-Pilain B22 Sport,Rolland,Pilain B22 Sport
1923,Amilcar CV,Amilcar,CV
1923,Lorraine-Dietrich B3-6 Sport,Lorraine,Dietrich B3-6 Sport
1923,Berliet VH 12CV,Berliet,VH 12CV
1923,Rolland-Pilain R Berline,Rolland,Pilain R Berline
1923,Rolland-Pilain RP23 Berline,Rolland,Pilain RP23 Berline
1923,Rolland-Pilain RP23 Sport,Rolland,Pilain RP23 Sport
1923,Corre La Licorne V14 8CV,Corre,La Licorne V14 8CV
1923,Vinot & Deguingand BP 10CV,Vinot,& Deguingand BP 10CV
1923,Brasier TB4,Brasier,TB4
1923,Corre La Licorne B7 12CV,Corre,La Licorne B7 12CV
1923,Georges Irat Type 4A Sport,Georges,Irat Type 4A Sport
1923,S.A.R.A. ATS,S.A.R.A.,ATS
1923,Lorraine-Dietrich B3-6 Sport,Lorraine,Dietrich B3-6 Sport
1923,Berliet VH 12CV,Berliet,VH 12CV
1923,S.A.R.A. ATS,S.A.R.A.,ATS
1923,Voisin C5,Voisin,C5
1923,Voisin C5,Voisin,C5
1924,Lorraine-Dietrich B3-6 Sport,Lorraine,Dietrich B3-6 Sport
1924,Lorraine-Dietrich B3-6 Sport,Lorraine,Dietrich B3-6 Sport
1924,Rolland-Pilain C23 Sport,Rolland,Pilain C23 Sport
1924,Brasier TB4,Brasier,TB4
1924,Brasier TB4,Brasier,TB4
1924,Rolland-Pilain C23 Sport,Rolland,Pilain C23 Sport
1924,Bignan 2 Litre Sport,Bignan,2 Litre Sport
1924,Ariès CC4,Ariès,CC4
1924,S.A.R.A. ATS,S.A.R.A.,ATS
1924,Ariès CC2 Sport,Ariès,CC2 Sport
1924,Amilcar CV,Amilcar,CV
1924,Alba S4 10/12CV,Alba,S4 10/12CV
1924,Lorraine-Dietrich B3-6 Sport,Lorraine,Dietrich B3-6 Sport
1924,Bignan 2 Litre Sport,Bignan,2 Litre Sport
1924,S.A.R.A. ATS,S.A.R.A.,ATS
1924,S.A.R.A. ATS,S.A.R.A.,ATS
1924,Ariés Type S GP,Ariés,Type S GP
1924,Rolland-Pilain C23 Sport,Rolland,Pilain C23 Sport
1924,G.R.P. 9CV,G.R.P.,9CV
1924,Corre La Licorne V16 10CV Sport,Corre,La Licorne V16 10CV Sport
1924,Georges Irat Type 4A Sport,Georges,Irat Type 4A Sport
1924,Majola Type A,Majola,Type A
1924,Rolland-Pilain C23 Sport,Rolland,Pilain C23 Sport
1924,Amilcar CGS,Amilcar,CGS
1924,Louis Chenard Type E,Louis,Chenard Type E
1924,Oméga-Six Type A,Oméga,Six Type A
1924,Bignan 3 Litre Sport,Bignan,3 Litre Sport
1924,Oméga-Six Type A,Oméga,Six Type A
1924,Bignan 3 Litre Sport,Bignan,3 Litre Sport
1924,Corre La Licorne V16 10CV Sport,Corre,La Licorne V16 10CV Sport
1924,Corre La Licorne V16 10CV Sport,Corre,La Licorne V16 10CV Sport
1924,Ariès 3-Litre,Ariès,3-Litre
1924,Alba S4 10/12CV,Alba,S4 10/12CV
1924,Georges Irat Type 4A Sport,Georges,Irat Type 4A Sport
1924,La Perle 10CV,La,Perle 10CV
1925,Lorraine-Dietrich B3-6 Sport,Lorraine,Dietrich B3-6 Sport
1925,Lorraine-Dietrich B3-6 Sport,Lorraine,Dietrich B3-6 Sport
1925,O.M. Tipo 665S Superba,O.M.,Tipo 665S Superba
1925,O.M. Tipo 665S Superba,O.M.,Tipo 665S Superba
1925,Ariés Type S GP,Ariés,Type S GP
1925,Rolland-Pilain C23 Super Sport,Rolland,Pilain C23 Super Sport
1925,Corre La Licorne V16 10CV Sport,Corre,La Licorne V16 10CV Sport
1925,Corre La Licorne V16 10CV Sport,Corre,La Licorne V16 10CV Sport
1925,Diatto Tipo 30,Diatto,Tipo 30
1925,Bignan 2 Litre Sport,Bignan,2 Litre Sport
1925,E.H.P. Type DT Spéciale,E.H.P.,Type DT Spéciale
1925,G.M. GC2 Sport,G.M.,GC2 Sport
1925,S.A.R.A. ATS,S.A.R.A.,ATS
1925,Diatto Tipo 35,Diatto,Tipo 35
1925,Ravel Type A Sport,Ravel,Type A Sport
1925,Rolland-Pilain C23 Super Sport,Rolland,Pilain C23 Super Sport
1925,Diatto Tipo 35,Diatto,Tipo 35
1925,O.M. Tipo 665S Superba,O.M.,Tipo 665S Superba
1925,Rolland-Pilain C23 Super Sport,Rolland,Pilain C23 Super Sport
1925,Bignan 2 Litre Sport,Bignan,2 Litre Sport
1925,D.F.P. Type VA,D.F.P.,Type VA
1925,Corre La Licorne V16 10CV Sport,Corre,La Licorne V16 10CV Sport
1925,Ariès Type S GP2,Ariès,Type S GP2
1925,Diatto Tipo 30,Diatto,Tipo 30
1925,E.H.P. Type DT Spéciale,E.H.P.,Type DT Spéciale
1925,S.A.R.A. BDE,S.A.R.A.,BDE
1925,G.M. GC2 Sport,G.M.,GC2 Sport
1925,Ariès CC2,Ariès,CC2
1925,Lorraine-Dietrich B3-6 Sport,Lorraine,Dietrich B3-6 Sport
1925,D.F.P. Type VA,D.F.P.,Type VA
1925,Sizaire-Berwick 25/50CV,Sizaire,Berwick 25/50CV
1925,D.F.P. Type VA,D.F.P.,Type VA
1925,Amilcar CGS,Amilcar,CGS
1925,S.A.R.A. BDE,S.A.R.A.,BDE
1925,Majola Type F,Majola,Type F
1925,Ariés CC2,Ariés,CC2
1925,Austin 7,Austin,7
1925,Ravel 12CV Sport,Ravel,12CV Sport
1925,Oméga-Six Type A,Oméga,Six Type A
1925,Oméga-Six Type A,Oméga,Six Type A
1925,Oméga-Six Type A,Oméga,Six Type A
1925,AC Six 16/40,AC,Six 16/40
1926,Lorraine-Dietrich B3-6 Le Mans,Lorraine,Dietrich B3-6 Le Mans
1926,Lorraine-Dietrich B3-6 Le Mans,Lorraine,Dietrich B3-6 Le Mans
1926,Lorraine-Dietrich B3-6 Le Mans,Lorraine,Dietrich B3-6 Le Mans
1926,O.M. Tipo 665S Superba,O.M.,Tipo 665S Superba
1926,O.M. Tipo 665S Superba,O.M.,Tipo 665S Superba
1926,Th.Schneider 25 SP,Th.Schneider,25 SP
1926,Rolland-Pilain C23 Super Sport,Rolland,Pilain C23 Super Sport
1926,E.H.P. Type DS,E.H.P.,Type DS
1926,Salmson Grand Sport,Salmson,Grand Sport
1926,Corre-La Licorne V16 10CV Sport,Corre,La Licorne V16 10CV Sport
1926,S.A.R.A. BDE,S.A.R.A.,BDE
1926,S.A.R.A. BDE,S.A.R.A.,BDE
1926,Ariès CC2 Super,Ariès,CC2 Super
1926,Overland Six 93,Overland,Six 93
1926,Rolland-Pilain C23 Super Sport,Rolland,Pilain C23 Super Sport
1926,Ravel Type C,Ravel,Type C
1926,Jousset M1 Berline,Jousset,M1 Berline
1926,Bignan 2 Litre Sport,Bignan,2 Litre Sport
1926,O.M. Tipo 665S Superba,O.M.,Tipo 665S Superba
1926,Ariés Type S GP2 Surbaissée,Ariés,Type S GP2 Surbaissée
1926,Jousset M1 Tourisme,Jousset,M1 Tourisme
1926,E.H.P. Type DS,E.H.P.,Type DS
1926,Theo Schneider 25 SP,Theo,Schneider 25 SP
1926,Salmson Type D2,Salmson,Type D2
1926,Rolland-Pilain C23 Super Sport,Rolland,Pilain C23 Super Sport
1926,Ravel Type C,Ravel,Type C
1926,Ravel Type C,Ravel,Type C
1926,Salmson Grand Sport,Salmson,Grand Sport
1926,E.H.P. Type DT Spéciale 'Tank',E.H.P.,Type DT Spéciale 'Tank'
1926,Ariès CC2 Super,Ariès,CC2 Super
1926,Corre-La Licorne G6 Sport,Corre,La Licorne G6 Sport
1926,Ariés Type S GP3,Ariés,Type S GP3
1926,Corre-La Licorne V16-G6,Corre,La Licorne V16-G6
1926,Willys-Knight 66 Great Six,Willys,Knight 66 Great Six
1926,Georges-Irat Type 4A Sport,Georges,Irat Type 4A Sport
1926,Georges-Irat Type 4A Sport,Georges,Irat Type 4A Sport
1926,Overland 93 Six,Overland,93 Six
1926,GM GC3 Sport,GM,GC3 Sport
1926,GM GC3 Sport,GM,GC3 Sport
1927,Salmson Grand Sport,Salmson,Grand Sport
1927,Salmson Grand Sport,Salmson,Grand Sport
1927,S.C.A.P. Type O,S.C.A.P.,Type O
1927,E.H.P. Type DS,E.H.P.,Type DS
1927,S.A.R.A. BDE,S.A.R.A.,BDE
1927,Tracta Gephi,Tracta,Gephi
1927,S.C.A.P. Type O,S.C.A.P.,Type O
1927,Ariès Type S GP2 Surbaisée,Ariès,Type S GP2 Surbaisée
1927,Fasto A3 Sport,Fasto,A3 Sport
1927,Fasto A3 Sport,Fasto,A3 Sport
1927,Fasto A3 Sport,Fasto,A3 Sport
1927,S.A.R.A. SP7,S.A.R.A.,SP7
1927,S.A.R.A. BDE,S.A.R.A.,BDE
1927,Th.Schneider 25 SP 'Le Mans',Th.Schneider,25 SP 'Le Mans'
1927,Th.Schneider 25 SP 'Le Mans',Th.Schneider,25 SP 'Le Mans'
1927,Ariès CC2 Super,Ariès,CC2 Super
1927,Salmson Grand Sport,Salmson,Grand Sport
1927,Ariès CC4,Ariès,CC4
1927,E.H.P. Type DS,E.H.P.,Type DS
1927,GM GC3 Sport,GM,GC3 Sport
1927,GM GC3 Sport,GM,GC3 Sport
1927,Tracta Gephi,Tracta,Gephi
1927,Rolland-Pilain C23,Rolland,Pilain C23
1927,Rolland-Pilain C23,Rolland,Pilain C23
1927,Rolland-Pilain C23,Rolland,Pilain C23
1928,Alvis FA12/50,Alvis,FA12/50
1928,B.N.C. Type H Monza,B.N.C.,Type H Monza
1928,Itala Tipo 65 S,Itala,Tipo 65 S
1928,Alvis FA12/50,Alvis,FA12/50
1928,Salmson Grand Sport,Salmson,Grand Sport
1928,Tracta Type A,Tracta,Type A
1928,Lombard AL3 Grand Air Sport,Lombard,AL3 Grand Air Sport
1928,E.H.P. Type DU,E.H.P.,Type DU
1928,S.A.R.A. SP7,S.A.R.A.,SP7
1928,Tracta Gephi,Tracta,Gephi
1928,Tracta Type A,Tracta,Type A
1928,S.C.A.P. Type O,S.C.A.P.,Type O
1928,S.C.A.P. Type M,S.C.A.P.,Type M
1928,Ariès CC4,Ariès,CC4
1928,Itala Tipo 65 S,Itala,Tipo 65 S
1928,Alphi LM,Alphi,LM
1928,Salmson Grand Sport,Salmson,Grand Sport
1928,S.A.R.A. SP7,S.A.R.A.,SP7
1928,Ariès CC4,Ariès,CC4
1928,Ariès Type S GP2 Surbaissée,Ariès,Type S GP2 Surbaissée
1928,Ariès Type S GP3,Ariès,Type S GP3
1928,Marendaz Special 11/55,Marendaz,Special 11/55
1928,S.C.A.P. Type O,S.C.A.P.,Type O
1928,D’Yrsan Grand Sport,D’Yrsan,Grand Sport
1928,D’Yrsan Grand Sport,D’Yrsan,Grand Sport
1928,Lombard AL3 Grand Air Sport,Lombard,AL3 Grand Air Sport
1928,Austin 7,Austin,7
1929,Lea-Francis S-Type Hyper,Lea,Francis S-Type Hyper
1929,Tracta Type A,Tracta,Type A
1929,Tracta Type A,Tracta,Type A
1929,B.N.C. Acacias,B.N.C.,Acacias
1929,Invicta LC 4½ Litre,Invicta,LC 4½ Litre
1929,S.A.R.A. SP7,S.A.R.A.,SP7
1929,Tracta Type A,Tracta,Type A
1929,Tracta Speciale,Tracta,Speciale
1929,B.N.C. Type 527,B.N.C.,Type 527
1929,S.A.R.A. SP7,S.A.R.A.,SP7
1929,Alvis FA8/15,Alvis,FA8/15
1929,Du Pont Model G Speedster,Du,Pont Model G Speedster
1929,B.N.C. Type 527,B.N.C.,Type 527
1929,D’Yrsan Grand Sport,D’Yrsan,Grand Sport
1929,Alvis FA8/15,Alvis,FA8/15
1929,Du Pont Model G Speedster,Du,Pont Model G Speedster
1929,Oakland All-American Six,Oakland,All-American Six
1929,D’Yrsan Grand Sport,D’Yrsan,Grand Sport
1930,Lea-Francis Hyper S,Lea,Francis Hyper S
1930,Tracta Type A,Tracta,Type A
1930,Tracta Type A,Tracta,Type A
1930,MG Midget M,MG,Midget M
1930,MG Midget M,MG,Midget M
1930,B.N.C. Vedette AER,B.N.C.,Vedette AER
1931,Lorraine-Dietrich B3-6,Lorraine,Dietrich B3-6
1931,Caban Spéciale,Caban,Spéciale
1931,MG C-type Midget,MG,C-type Midget
1931,B.N.C.,B.N.C.,Unknown
1931,Arrol-Aster,Arrol,Aster
1931,Caban Spéciale,Caban,Spéciale
1931,Lombard,Lombard,Unknown
1931,MG C-type Midget,MG,C-type Midget
1932,Amilcar CO,Amilcar,CO
1932,Caban Spéciale,Caban,Spéciale
1932,Salmson GS,Salmson,GS
1932,MG C-type Midget,MG,C-type Midget
1932,B.N.C.,B.N.C.,Unknown
1932,Alta,Alta,Unknown
1932,Rally NCP,Rally,NCP
1932,Citroën C4 Roadster Special,Citroën,C4 Roadster Special
1933,MG J-type 4C Midget,MG,J-type 4C Midget
1933,Tracta,Tracta,Unknown
1933,Salmson GS,Salmson,GS
1933,B.N.C.,B.N.C.,Unknown
1933,Amilcar C6,Amilcar,C6
1933,Singer Nine Sports,Singer,Nine Sports
1933,Duesenberg Model SJ,Duesenberg,Model SJ
1933,S.A.R.A. SP7 Spéciale,S.A.R.A.,SP7 Spéciale
1933,MG J-type 4 Midget,MG,J-type 4 Midget
1933,Lorraine-Dietrich B3-6,Lorraine,Dietrich B3-6
1933,Austin 7,Austin,7
1933,Rally NCP,Rally,NCP
1933,"Amilcar CG ""Spéciale Martin""",Amilcar,"CG ""Spéciale Martin"""
1933,Amilcar C6,Amilcar,C6
1933,Alvis,Alvis,Unknown
1933,Marendaz Spezial,Marendaz,Spezial
1933,MG,MG,Unknown
1933,MG,MG,Unknown
1934,MG K3,MG,K3
1934,Singer Le Mans 1½ Litre,Singer,Le Mans 1½ Litre
1934,Singer Le Mans 1½ Litre,Singer,Le Mans 1½ Litre
1934,Amilcar C6,Amilcar,C6
1934,Singer Nine Le Mans,Singer,Nine Le Mans
1934,MG PA Midget,MG,PA Midget
1934,Singer Nine Le Mans,Singer,Nine Le Mans
1934,Tracta,Tracta,Unknown
1934,"Amilcar CG ""Spéciale Martin""",Amilcar,"CG ""Spéciale Martin"""
1934,B.N.C.,B.N.C.,Unknown
1934,Amilcar C6,Amilcar,C6
1934,Singer Nine Le Mans,Singer,Nine Le Mans
1934,Lorraine-Dietrich B3-6,Lorraine,Dietrich B3-6
1934,Austin 7,Austin,7
1934,MG K-type K3,MG,K-type K3
1934,Salmson GS,Salmson,GS
1934,Singer Nine Le Mans,Singer,Nine Le Mans
1934,Derby L8,Derby,L8
1934,Rally,Rally,Unknown
1934,MG J-type Midget,MG,J-type Midget
1934,Tracta,Tracta,Unknown
1934,Derby L8,Derby,L8
1934,Amilcar CGS,Amilcar,CGS
1934,Duesenberg Model SJ,Duesenberg,Model SJ
1935,MG Magnette K3,MG,Magnette K3
1935,Singer Nine Le Mans Replica,Singer,Nine Le Mans Replica
1935,Singer 1½ Litre Le Mans,Singer,1½ Litre Le Mans
1935,Singer Nine Sports,Singer,Nine Sports
1935,Singer Nine Le Mans Replica,Singer,Nine Le Mans Replica
1935,B.N.C.,B.N.C.,Unknown
1935,Singer Nine Le Mans Replica,Singer,Nine Le Mans Replica
1935,Singer Nine Le Mans,Singer,Nine Le Mans
1935,MG PA Midget,MG,PA Midget
1935,MG PA Midget,MG,PA Midget
1935,MG PA Midget,MG,PA Midget
1935,Austin 7 Speedy,Austin,7 Speedy
1935,Austin 7 Speedy,Austin,7 Speedy
1935,Singer Nine Le Mans Replica,Singer,Nine Le Mans Replica
1935,Austin 7,Austin,7
1935,MG Magnette K3,MG,Magnette K3
1935,MG PB Midget,MG,PB Midget
1935,MG Magnette K3,MG,Magnette K3
1935,"Amilcar CG ""Spéciale Martin""",Amilcar,"CG ""Spéciale Martin"""
1935,Austin 7,Austin,7
1935,Derby,Derby,Unknown
1935,Singer Nine Le Mans Replica,Singer,Nine Le Mans Replica
1935,Lorraine-Dietrich B3-6,Lorraine,Dietrich B3-6
1935,Duesenberg Model J,Duesenberg,Model J
1935,Singer Nine Le Mans Replica,Singer,Nine Le Mans Replica
1935,MG Magnette K3,MG,Magnette K3
1936,Adler Super Trumpf Rennlimousine,Adler,Super Trumpf Rennlimousine
1936,Adler Super Trumpf Rennlimousine,Adler,Super Trumpf Rennlimousine
1936,Adler Super Trumpf Rennlimousine,Adler,Super Trumpf Rennlimousine
1936,Adler Super Trumpf Rennlimousine,Adler,Super Trumpf Rennlimousine
1936,Austin 7 Speedy,Austin,7 Speedy
1936,Austin 7 Speedy,Austin,7 Speedy
1936,Austin 7 Speedy,Austin,7 Speedy
1936,Austin 7 Speedy,Austin,7 Speedy
1936,Austin 7 Speedy,Austin,7 Speedy
1936,Citroën Sport,Citroën,Sport
1936,Singer Le Mans Replica,Singer,Le Mans Replica
1936,MG Magnette K3,MG,Magnette K3
1936,MG Midget PB,MG,Midget PB
1936,Simca Cinq,Simca,Cinq
1936,Simca Cinq,Simca,Cinq
1936,Simca Cinq,Simca,Cinq
1936,Simca 508S Balilla,Simca,508S Balilla
1936,Simca 508S Balilla,Simca,508S Balilla
1936,Singer Le Mans Replica,Singer,Le Mans Replica
1936,Singer Le Mans Replica,Singer,Le Mans Replica
1936,Singer Le Mans Replica,Singer,Le Mans Replica
1936,Singer Le Mans Replica,Singer,Le Mans Replica
1936,,Unknown,Unknown
1936,,Unknown,Unknown
1936,,Unknown,Unknown
1936,,Unknown,Unknown
1937,Adler Super Trumpf Rennlimousine,Adler,Super Trumpf Rennlimousine
1937,Darl'mat DS,Darl'mat,DS
1937,Darl'mat DS,Darl'mat,DS
1937,Adler Super Trumpf Rennlimousine,Adler,Super Trumpf Rennlimousine
1937,Darl'mat DS,Darl'mat,DS
1937,Simca,Simca,Unknown
1937,HRG 1500 Le Mans,HRG,1500 Le Mans
1937,Adler Trumpf Junior,Adler,Trumpf Junior
1937,MG PB Midget,MG,PB Midget
1937,Simca Cinq,Simca,Cinq
1937,Simca Huit,Simca,Huit
1937,Singer Nine Le Mans Replica,Singer,Nine Le Mans Replica
1937,"Singer Nine Le Mans Replica ""Savoye Special""",Singer,"Nine Le Mans Replica ""Savoye Special"""
1937,Singer Nine Le Mans Replica,Singer,Nine Le Mans Replica
1937,Simca Cinq,Simca,Cinq
1937,Austin 7,Austin,7
1937,Austin 7,Austin,7
1937,Singer Nine Le Mans Replica,Singer,Nine Le Mans Replica
1937,Simca Huit,Simca,Huit
1937,Adler Trumpf Rennlimousine,Adler,Trumpf Rennlimousine
1937,Austin 7,Austin,7
1937,Simca FIAT 508 S Ballila,Simca,FIAT 508 S Ballila
1938,Darl'mat DS,Darl'mat,DS
1938,Adler Super Trumpf Rennlimousine,Adler,Super Trumpf Rennlimousine
1938,Adler Trumpf Rennlimousine,Adler,Trumpf Rennlimousine
1938,"Singer Nine Le Mans Replica ""Savoye Special""",Singer,"Nine Le Mans Replica ""Savoye Special"""
1938,Simca Huit,Simca,Huit
1938,HRG Le Mans,HRG,Le Mans
1938,Simca Huit,Simca,Huit
1938,MG PA Midget Special,MG,PA Midget Special
1938,Simca Cinq,Simca,Cinq
1938,Simca Cinq,Simca,Cinq
1938,Simca Huit,Simca,Huit
1938,Simca,Simca,Unknown
1938,Simca Huit,Simca,Huit
1938,"Amilcar G36 ""Pegase Special""",Amilcar,"G36 ""Pegase Special"""
1938,Singer Nine Le Mans Replica,Singer,Nine Le Mans Replica
1938,Simca 1000,Simca,1000
1938,Simca Huit,Simca,Huit
1938,MG PB Midget,MG,PB Midget
1938,Darl'mat DS,Darl'mat,DS
1938,Darl'mat DS,Darl'mat,DS
1938,Atalanta,Atalanta,Unknown
1939,Simca Huit,Simca,Huit
1939,Simca Huit,Simca,Huit
1939,HRG 1500,HRG,1500
1939,Simca Huit,Simca,Huit
1939,Singer Le Mans Replica,Singer,Le Mans Replica
1939,Simca Cinq,Simca,Cinq
1939,Simca Cinq,Simca,Cinq
1939,Singer Nine Le Mans Replica,Singer,Nine Le Mans Replica
1939,MG PA Midget,MG,PA Midget
1939,Simca Huit,Simca,Huit
1939,MG PB Midget,MG,PB Midget
1939,Simca Huit,Simca,Huit
1939,Simca Huit,Simca,Huit
1939,Adler Trumpf,Adler,Trumpf
1939,"Singer Nine Le Mans Replica ""Savoye Special""",Singer,"Nine Le Mans Replica ""Savoye Special"""
1939,Adler Trumpf,Adler,Trumpf
1949,Embiricos Bentley Paulin,Embiricos,Bentley Paulin
1949,HRG 1500 Lightweight Le Mans,HRG,1500 Lightweight Le Mans
1949,Monopole Sport,Monopole,Sport
1949,Simca Huit,Simca,Huit
1949,Aero Minor Sport 750,Aero,Minor Sport 750
1949,Simca Huit,Simca,Huit
1949,Simca Six,Simca,Six
1949,Aero Minor Sport 750,Aero,Minor Sport 750
1949,MG TC Special Body,MG,TC Special Body
1949,Delettrez Diesel,Delettrez,Diesel
1949,Monopole,Monopole,Unknown
1949,Simca Huit,Simca,Huit
1949,Singer 9,Singer,9
1949,Simca Huit,Simca,Huit
1949,Simca Dého,Simca,Dého
1949,Simca-Gordini T8,Simca,Gordini T8
1949,HRG 1500 Lightweight Le Mans,HRG,1500 Lightweight Le Mans
1949,Simca Huit,Simca,Huit
1949,HRG 1500 Lightweight Le Mans,HRG,1500 Lightweight Le Mans
1949,Alvis TA 14,Alvis,TA 14
1949,Simca-Gordini TMM,Simca,Gordini TMM
1949,Simca-Gordini T15S,Simca,Gordini T15S
1949,Simca-Gordini T15S,Simca,Gordini T15S
1949,Simca-Gordini T15S,Simca,Gordini T15S
1950,Allard J2,Allard,J2
1950,Nash-Healey E,Nash,Healey E
1950,Jowett Jupiter Javelin,Jowett,Jupiter Javelin
1950,MG TC Special,MG,TC Special
1950,Aero Minor 750,Aero,Minor 750
1950,Monopole X84,Monopole,X84
1950,Callista RAN D120,Callista,RAN D120
1950,Aero Minor,Aero,Minor
1950,Simca Huit,Simca,Huit
1950,Delettrez Diesel,Delettrez,Diesel
1950,Škoda 1101 Spyder,Škoda,1101 Spyder
1950,Monopole X84,Monopole,X84
1950,Ferry Sport,Ferry,Sport
1950,M.A.P. Diesel,M.A.P.,Diesel
1950,Simca Six Spéciale,Simca,Six Spéciale
1950,Simca Huit Spéciale,Simca,Huit Spéciale
1951,Nash-Healey Sport Coupé,Nash,Healey Sport Coupé
1951,Jowett Jupiter,Jowett,Jupiter
1951,Monopole X84,Monopole,X84
1951,Callista RAN D120,Callista,RAN D120
1951,Allard J2,Allard,J2
1951,Allard J2,Allard,J2
1951,Simca Huit Sport,Simca,Huit Sport
1951,MG TD EX.172,MG,TD EX.172
1951,Jowett Jupiter R1,Jowett,Jupiter R1
1951,Crosley Hotshot Super Sport,Crosley,Hotshot Super Sport
1951,Aero Minor,Aero,Minor
1951,Delettrez Diesel,Delettrez,Diesel
1951,Jowett Jupiter,Jowett,Jupiter
1951,Frazer-Nash,Frazer,Nash
1952,Nash-Healey 4 Litre,Nash,Healey 4 Litre
1952,Monopole Dyna X86 Coupe,Monopole,Dyna X86 Coupe
1952,Jowett Jupiter R1,Jowett,Jupiter R1
1952,Monopole X84,Monopole,X84
1952,O.S.C.A. MT-4 Coupé (Vignale),O.S.C.A.,MT-4 Coupé (Vignale)
1952,Jowett Jupiter R1,Jowett,Jupiter R1
1952,Allard J2X Le Mans,Allard,J2X Le Mans
1952,Allard J2X Le M ans,Allard,J2X Le M ans
1952,Monopole X84,Monopole,X84
1952,Jowett Jupiter R1,Jowett,Jupiter R1
1952,Nash-Healey,Nash,Healey
1953,Nash-Healey 4-litre Sport,Nash,Healey 4-litre Sport
1953,D.B. HBR-4 LM,D.B.,HBR-4 LM
1953,O.S.C.A. MT-4 1100 Coupé,O.S.C.A.,MT-4 1100 Coupé
1953,D.B. HBR-4 LM,D.B.,HBR-4 LM
1953,Monopole X85,Monopole,X85
1953,V.P. 166R Coupé,V.P.,166R Coupé
1953,Borgward-Hansa 1500 'Rennsport',Borgward,Hansa 1500 'Rennsport'
1953,O.S.C.A. MT-4,O.S.C.A.,MT-4
1953,Bristol 450 Coupé,Bristol,450 Coupé
1953,Allard J2R,Allard,J2R
1953,D.B. 4CV-1066,D.B.,4CV-1066
1953,Bristol 450 Coupé,Bristol,450 Coupé
1953,Borgward-Hansa 1500 'Rennsport',Borgward,Hansa 1500 'Rennsport'
1953,V.P. 4CV-1064,V.P.,4CV-1064
1953,Nash-Healey Sports,Nash,Healey Sports
1953,Monopole X84,Monopole,X84
1953,Allard J2R,Allard,J2R
1953,Pegaso Z-102 Spyder,Pegaso,Z-102 Spyder
1953,Pegaso Z-102 Spyder,Pegaso,Z-102 Spyder
1953,Borgward-Hansa 1500 'Rennsport',Borgward,Hansa 1500 'Rennsport'
1953,O.S.C.A. MT-4,O.S.C.A.,MT-4
1953,Allard J2R,Allard,J2R
1953,Kieft,Kieft,Unknown
1953,O.S.C.A. MT4,O.S.C.A.,MT4
1954,Bristol 450,Bristol,450
1954,Bristol 450,Bristol,450
1954,Bristol 450,Bristol,450
1954,Monopole X84,Monopole,X84
1954,BG Le Mans Coupé,BG,Le Mans Coupé
1954,O.S.C.A. MT-4,O.S.C.A.,MT-4
1954,O.S.C.A. MT-4,O.S.C.A.,MT-4
1954,O.S.C.A. MT-4,O.S.C.A.,MT-4
1954,VP 166R,VP,166R
1954,Constantin-Peugeot 203C Spyder,Constantin,Peugeot 203C Spyder
1954,Kieft Sport,Kieft,Sport
1954,Kieft Sport,Kieft,Sport
1955,Bristol 450C,Bristol,450C
1955,Bristol 450C,Bristol,450C
1955,Bristol 450C,Bristol,450C
1955,O.S.C.A. MT-4,O.S.C.A.,MT-4
1955,MG EX.182,MG,EX.182
1955,MG EX.182,MG,EX.182
1955,Monopole X86,Monopole,X86
1955,Salmson 2300S Cabriolet,Salmson,2300S Cabriolet
1955,Connaught AL/SR,Connaught,AL/SR
1955,Constantin 203C Spyder,Constantin,203C Spyder
1955,Kieft Sport,Kieft,Sport
1955,D.B. HBR,D.B.,HBR
1955,Monopole Sport X88,Monopole,Sport X88
1955,MG EX.182,MG,EX.182
1955,VP 166R,VP,166R
1955,Kieft Sport,Kieft,Sport
1955,Arnott Sports,Arnott,Sports
1955,Moretti 750S,Moretti,750S
1955,Moretti 750S,Moretti,750S
1955,Ferry Sports F750,Ferry,Sports F750
1955,VP 155R,VP,155R
1956,VP 166R,VP,166R
1956,RB Sport,RB,Sport
1956,Salmson 2300S Coupé,Salmson,2300S Coupé
1956,Moretti 750 Gran Sport,Moretti,750 Gran Sport
1956,Moretti 750 Gran Sport,Moretti,750 Gran Sport
1956,Monopole X86,Monopole,X86
1956,O.S.C.A. 750 S,O.S.C.A.,750 S
1957,AC Ace,AC,Ace
1957,Monopole X89 Coupé,Monopole,X89 Coupé
1957,O.S.C.A. 750 S,O.S.C.A.,750 S
1957,Monopole X88 Coupé,Monopole,X88 Coupé
1957,DKW Monza Coupé,DKW,Monza Coupé
1957,Monopole X88 Spyder,Monopole,X88 Spyder
1957,Arnott Sports,Arnott,Sports
1957,V.P. 166R Dynamique,V.P.,166R Dynamique
1957,O.S.C.A. MT-4,O.S.C.A.,MT-4
1958,AC Ace LM Prototype,AC,Ace LM Prototype
1958,AC Ace,AC,Ace
1958,O.S.C.A. 750S,O.S.C.A.,750S
1958,D.B. HBR-4 Spyder,D.B.,HBR-4 Spyder
1958,D.B. HBR-4 Spyder,D.B.,HBR-4 Spyder
1958,O.S.C.A. 750S,O.S.C.A.,750S
1958,Peerless GT Coupé,Peerless,GT Coupé
1958,Monopole X86,Monopole,X86
1958,D.B. HBR-4 GTS Coupé,D.B.,HBR-4 GTS Coupé
1958,D.B. HBR-5 Coupé,D.B.,HBR-5 Coupé
1958,Monopole X89,Monopole,X89
1958,Tojeiro TCM,Tojeiro,TCM
1958,Monopole VM-S,Monopole,VM-S
1958,Monopole X86,Monopole,X86
1958,V.P. Spyder,V.P.,Spyder
1958,V.P. Sport,V.P.,Sport
1958,CTAP,CTAP,Unknown
1958,Peerless GT Coupé,Peerless,GT Coupé
1959,AC Ace,AC,Ace
1959,D.B. HBR-5 Spyder,D.B.,HBR-5 Spyder
1959,D.B. HBR-5 Spyder,D.B.,HBR-5 Spyder
1959,Saab 93 Sport GT 750,Saab,93 Sport GT 750
1959,MG A Twin Cam,MG,A Twin Cam
1959,D.B. HBR-5 GTS-Coupé,D.B.,HBR-5 GTS-Coupé
1959,D.B. HBR-5 Coupé,D.B.,HBR-5 Coupé
1959,Tojeiro,Tojeiro,Unknown
1959,O.S.C.A. 750S,O.S.C.A.,750S
1959,D.B. HBR-5 Spyder,D.B.,HBR-5 Spyder
1959,D.B. HBR-5 Super Rallye,D.B.,HBR-5 Super Rallye
1959,Saab 93 Sport GT 750,Saab,93 Sport GT 750
1959,O.S.C.A. 750S,O.S.C.A.,750S
1959,Fraser Nash Le Mans Coupé,Fraser,Nash Le Mans Coupé
1959,D.B. HBR-5 Coupé,D.B.,HBR-5 Coupé
1959,AC Ace,AC,Ace
1960,MG MGA Twin Cam Coupé,MG,MGA Twin Cam Coupé
1960,D.B. HBR-4 LM,D.B.,HBR-4 LM
1960,D.B. HBR-5,D.B.,HBR-5
1960,AC Ace Coupé,AC,Ace Coupé
1960,O.S.C.A. Nuevo Sport 750,O.S.C.A.,Nuevo Sport 750
1960,D.B. HBR-4 Coupé,D.B.,HBR-4 Coupé
1960,D.B. HBR-4 Super Rallye,D.B.,HBR-4 Super Rallye
1960,Abarth 850S,Abarth,850S
1960,AC Ace,AC,Ace
1960,Abarth 850S,Abarth,850S
1960,O.S.C.A. Nuevo Sport 750,O.S.C.A.,Nuevo Sport 750
1960,Abarth 700S,Abarth,700S
1960,D.B. HBR-4,D.B.,HBR-4
1960,O.S.C.A. 1500S,O.S.C.A.,1500S
1960,D.B. HBR-5,D.B.,HBR-5
1961,Abarth 850S,Abarth,850S
1961,AC Ace,AC,Ace
1961,D.B. HBR-4 Spyder,D.B.,HBR-4 Spyder
1961,D.B. HBR-5 Spyder,D.B.,HBR-5 Spyder
1961,D.B. HBR-4,D.B.,HBR-4
1961,D.B. HBR-4,D.B.,HBR-4
1961,D.B. HBR-4 Rallye,D.B.,HBR-4 Rallye
1961,Abarth 700S,Abarth,700S
1961,D.B. HBR-4,D.B.,HBR-4
1961,O.S.C.A. Sport 1000,O.S.C.A.,Sport 1000
1961,Abarth 700S,Abarth,700S
1961,AC Ace,AC,Ace
1961,Abarth 700S,Abarth,700S
1961,O.S.C.A. Sport 750,O.S.C.A.,Sport 750
1961,Abarth 700S,Abarth,700S
1961,MG MGA Twin Cam,MG,MGA Twin Cam
1961,Abarth 1000S,Abarth,1000S
1961,D.B. HBR,D.B.,HBR
1962,Abarth 1300,Abarth,1300
1962,CD Dyna Coupé,CD,Dyna Coupé
1962,Bonnet Djet,Bonnet,Djet
1962,Bonnet Djet 2 Spider,Bonnet,Djet 2 Spider
1962,O.S.C.A. 1600 GT Zagato,O.S.C.A.,1600 GT Zagato
1962,Abarth 700S,Abarth,700S
1962,CD Dyna Coupé,CD,Dyna Coupé
1962,Abarth 700S,Abarth,700S
1962,Tojeiro EE Coupé,Tojeiro,EE Coupé
1962,CD Dyna Coupé,CD,Dyna Coupé
1962,Abarth 1300,Abarth,1300
1962,AC Ace,AC,Ace
1962,Abarth 1300,Abarth,1300
1962,Abarth 1300,Abarth,1300
1962,Bonnet Djet,Bonnet,Djet
1962,O.S.C.A. 1600 GT Zagato,O.S.C.A.,1600 GT Zagato
1962,Abarth 700S,Abarth,700S
1962,Tojeiro EE,Tojeiro,EE
1962,Bonnet Djet,Bonnet,Djet
1962,Abarth 1000S,Abarth,1000S
1962,Abarth-Simca 1300 Bialbero,Abarth,Simca 1300 Bialbero
1962,CD Dyna Coupé,CD,Dyna Coupé
1962,Abarth-Simca 1300 Bialbero,Abarth,Simca 1300 Bialbero
1963,AC Cobra Hardtop,AC,Cobra Hardtop
1963,Bonnet Aérodjet LM6,Bonnet,Aérodjet LM6
1963,MG MGB Hardtop,MG,MGB Hardtop
1963,Bonnet Aérodjet LM6,Bonnet,Aérodjet LM6
1963,AC Cobra Coupé,AC,Cobra Coupé
1963,Deep Sanderson 301,Deep,Sanderson 301
1963,Abarth 850,Abarth,850
1963,Bonnet Aérodjet LM6,Bonnet,Aérodjet LM6
1963,Bonnet RB5,Bonnet,RB5
1963,Bonnet Aérodjet LM6,Bonnet,Aérodjet LM6
1963,Abarth 1000 SP,Abarth,1000 SP
1963,CD-DKW Coupé,CD,DKW Coupé
1963,Deep Sanderson 301,Deep,Sanderson 301
1963,ASA 1000 GT,ASA,1000 GT
1963,ASA 1000 GT,ASA,1000 GT
1963,ASA 1000 GT,ASA,1000 GT
1964,AC Cobra Daytona Coupe,AC,Cobra Daytona Coupe
1964,Iso Grifo A3C,Iso,Grifo A3C
1964,AC Cobra,AC,Cobra
1964,MG MGB Hardtop,MG,MGB Hardtop
1964,Bonnet Aérodjet LM6,Bonnet,Aérodjet LM6
1964,Bonnet Aérodjet LM6,Bonnet,Aérodjet LM6
1964,AC Cobra Daytona coupe,AC,Cobra Daytona coupe
1964,CD 3,CD,3
1964,CD 3,CD,3
1964,AC Cobra Coupé,AC,Cobra Coupé
1964,Bonnet Aérodjet LM6,Bonnet,Aérodjet LM6
1964,Bonnet RB5,Bonnet,RB5
1964,Bonnet Aérodjet LM6,Bonnet,Aérodjet LM6
1964,Deep Sanderson 301,Deep,Sanderson 301
1964,Deep Sanderson 301,Deep,Sanderson 301
1964,AC Cobra Daytona Coupe,AC,Cobra Daytona Coupe
1964,AC Cobra Daytona Coupe,AC,Cobra Daytona Coupe
1964,ATS 2500 GT,ATS,2500 GT
1964,AC Cobra,AC,Cobra
1965,AC Cobra Daytona Coupé,AC,Cobra Daytona Coupé
1965,Iso Grifo A3C,Iso,Grifo A3C
1965,MG MGB Hardtop,MG,MGB Hardtop
1965,AC Cobra Daytona Coupé,AC,Cobra Daytona Coupé
1965,AC Cobra Daytona Coupé,AC,Cobra Daytona Coupé
1965,AC Cobra Daytona Coupé,AC,Cobra Daytona Coupé
1965,AC Cobra Daytona Coupé,AC,Cobra Daytona Coupé
1965,Abarth 1000 SP,Abarth,1000 SP
1965,Iso Grifo A3C,Iso,Grifo A3C
1965,Iso Grifo A3C,Iso,Grifo A3C
1965,AC Cobra Daytona Coupé,AC,Cobra Daytona Coupé
1965,CD 3,CD,3
1966,Mini Marcos GT 2+2,Mini,Marcos GT 2+2
1966,Chaparral 2D,Chaparral,2D
1966,CD SP66,CD,SP66
1966,CD SP66,CD,SP66
1966,ASA GT RB-613,ASA,GT RB-613
1966,Serenissima Spyder,Serenissima,Spyder
1966,Bizzarrini P538 Super America,Bizzarrini,P538 Super America
1966,ASA GT RB-613,ASA,GT RB-613
1966,CD SP66,CD,SP66
1966,Bizzarrini P538 Sport,Bizzarrini,P538 Sport
1966,Serenissima Spyder,Serenissima,Spyder
1967,Abarth 1300 OT,Abarth,1300 OT
1967,Chaparral 2F,Chaparral,2F
1967,Chaparral 2F,Chaparral,2F
1967,CD SP66,CD,SP66
1967,CD SP66,CD,SP66
1967,Costin Nathan GT,Costin,Nathan GT
1967,Mini Marcos GT 2+2,Mini,Marcos GT 2+2
1967,Bizzarrini P538 GT Strada,Bizzarrini,P538 GT Strada
1967,T33,T33,Unknown
1967,T33,T33,Unknown
1967,T33,T33,Unknown
1967,Mini Marcos GT 2+2,Mini,Marcos GT 2+2
1967,Hrubon,Hrubon,Unknown
1968,Deep Sanderson 302,Deep,Sanderson 302
1968,Moynet XS,Moynet,XS
1968,Iso Rivolta GT,Iso,Rivolta GT
1968,Hrubon,Hrubon,Unknown
1968,Serenissima Mk.168,Serenissima,Mk.168
1969,Nomad Mk 2,Nomad,Mk 2
1969,Abarth 1000SP,Abarth,1000SP
1969,Unipower GT,Unipower,GT
1969,Piper GTR,Piper,GTR
1971,Huron 4A,Huron,4A
1972,Duckhams LM72,Duckhams,LM72
1972,GRAC MT16,GRAC,MT16
1972,Datsun 240Z,Datsun,240Z
1972,Citroën SM,Citroën,SM
1972,Taydec Mk3,Taydec,Mk3
1973,Duckhams LM (Lola T280),Duckhams,LM (Lola T280)
1973,Sigma MC73,Sigma,MC73
1973,ACE PB 2,ACE,PB 2
1974,Gulf GR7,Gulf,GR7
1974,Sigma MC74,Sigma,MC74
1974,Gulf GR7,Gulf,GR7
1974,Grac-Gotti MT20,Grac,Gotti MT20
1975,Moynet LM75,Moynet,LM75
1975,Datsun 240Z,Datsun,240Z
1975,March 75S,March,75S
1975,Sigma MC75,Sigma,MC75
1975,Tecma 755,Tecma,755
1975,GLD,GLD,Unknown
1975,Ledergo,Ledergo,Unknown
1976,Inaltera LM,Inaltera,LM
1976,Inaltera LM,Inaltera,LM
1976,Lenham,Lenham,Unknown
1976,Datsun 260Z,Datsun,260Z
1976,Cheetah G601,Cheetah,G601
1976,Toj SC301,Toj,SC301
1976,Toj SC204,Toj,SC204
1977,Inaltera LM77,Inaltera,LM77
1977,Inaltera LM77,Inaltera,LM77
1977,Inaltera LM77,Inaltera,LM77
1977,Osella PA5,Osella,PA5
1977,Cheetah G501,Cheetah,G501
1977,Cheetah G601,Cheetah,G601
1978,Inaltera LM,Inaltera,LM
1978,Cheetah G601,Cheetah,G601
1978,Ibec-Hesketh 308LM,Ibec,Hesketh 308LM
1978,WMP78,WMP78,Unknown
1978,WMP76,WMP76,Unknown
1978,Osella PA6,Osella,PA6
1978,WMP77,WMP77,Unknown
1978,Toj SC303,Toj,SC303
1979,Toj SC206,Toj,SC206
1979,Cheetah G601,Cheetah,G601
1979,Cheetah G601,Cheetah,G601
1980,Osella PA8,Osella,PA8
1980,ACR 80 (Lola T380),ACR,80 (Lola T380)
1980,Toj SM01,Toj,SM01
1980,Ibec P6,Ibec,P6
1980,Cheetah G601,Cheetah,G601
1980,Saab 900 Turbo,Saab,900 Turbo
1981,Renard-Delmas D1,Renard,Delmas D1
1981,ACR 80B,ACR,80B
1981,Ibec-Hesketh 308LM,Ibec,Hesketh 308LM
1981,Ardex S80,Ardex,S80
1982,Nimrod NRA/C2,Nimrod,NRA/C2
1982,WMP82,WMP82,Unknown
1982,Cougar C01,Cougar,C01
1982,WMP82,WMP82,Unknown
1982,March82G,March82G,Unknown
1982,Nimrod NRA/C2,Nimrod,NRA/C2
1982,URD C81,URD,C81
1982,March82G,March82G,Unknown
1982,Grid Plaza S1,Grid,Plaza S1
1982,March 82G,March,82G
1982,Renard Delmas D1,Renard,Delmas D1
1982,Osella PA7,Osella,PA7
1983,URD C81,URD,C81
1983,Nimrod NRA/C2B,Nimrod,NRA/C2B
1983,Alba AR2,Alba,AR2
1983,Cougar C01B,Cougar,C01B
1983,Sthemo SM01,Sthemo,SM01
1983,Grid Plaza S1,Grid,Plaza S1
1983,Sehcar SH C6,Sehcar,SH C6
1983,Sehcar C83,Sehcar,C83
1983,Harrier RX83c,Harrier,RX83c
1983,Cougar C02,Cougar,C02
1983,Cheetah G603,Cheetah,G603
1983,Sehcar SH C6,Sehcar,SH C6
1983,Cheetah G604,Cheetah,G604
1983,Grid S2,Grid,S2
1983,URD C83,URD,C83
1984,Alba AR2,Alba,AR2
1984,Alba AR2,Alba,AR2
1984,Cougar C02,Cougar,C02
1984,March 84G,March,84G
1984,Nimrod NRA/C2B,Nimrod,NRA/C2B
1984,Nimrod NRA/C2B,Nimrod,NRA/C2B
1984,ADA 01,ADA,01
1984,Sthemo SM C2,Sthemo,SM C2
1984,Ecosse C284,Ecosse,C284
1984,Grid S2,Grid,S2
1984,Cheetah G604,Cheetah,G604
1984,Challenger,Challenger,Unknown
1984,Arundel C200,Arundel,C200
1984,ALD 01,ALD,01
1985,Tom's 85C-L,Tom's,85C-L
1985,Gebhardt JC843,Gebhardt,JC843
1985,Cougar C12,Cougar,C12
1985,March 85G,March,85G
1985,Gebhardt JC853,Gebhardt,JC853
1985,ALD 01,ALD,01
1985,Alba AR6,Alba,AR6
1985,URD C83,URD,C83
1985,Cheetah G604,Cheetah,G604
1985,Ecosse C285,Ecosse,C285
1985,Alba AR3,Alba,AR3
1985,Alba AR2,Alba,AR2
1985,Strandell 85,Strandell,85
1985,Lotec C302,Lotec,C302
1985,Cheetah G604,Cheetah,G604
1985,Gebhardt JC853,Gebhardt,JC853
1985,Lyncar MS83,Lyncar,MS83
1985,Argo JM16,Argo,JM16
1985,Harrier RX83C,Harrier,RX83C
1985,Pontiac Firebird,Pontiac,Firebird
1985,Pontiac Firebird,Pontiac,Firebird
1986,Gebhardt JC843,Gebhardt,JC843
1986,URD C83,URD,C83
1986,March 85G,March,85G
1986,Ecosse C285,Ecosse,C285
1986,Cougar C12,Cougar,C12
1986,Bardon DB1,Bardon,DB1
1986,Ecosse C286,Ecosse,C286
1986,March 84G,March,84G
1986,Tom's ( Dome) 86C-L,Tom's,( Dome) 86C-L
1986,Alba AR3,Alba,AR3
1986,Gebhardt JC853,Gebhardt,JC853
1986,ALD 02,ALD,02
1986,Argo JM19,Argo,JM19
1986,Strandell 85,Strandell,85
1987,Cougar C20,Cougar,C20
1987,Ecosse C286,Ecosse,C286
1987,ALD 03,ALD,03
1987,ALD 02,ALD,02
1987,Alba AR3,Alba,AR3
1987,Bardon DB1/2,Bardon,DB1/2
1987,Ecosse C286,Ecosse,C286
1987,Royale RP40,Royale,RP40
1987,Argo JM19,Argo,JM19
1987,Argo JM19B,Argo,JM19B
1987,Alba AR2,Alba,AR2
1987,ADA 02,ADA,02
1987,Alba AR6,Alba,AR6
1987,March 85G,March,85G
1988,ADA 03,ADA,03
1988,Argo JM19C,Argo,JM19C
1988,ALD 04,ALD,04
1988,Argo JM19C,Argo,JM19C
1988,Cougar C12,Cougar,C12
1988,Argo JM19C,Argo,JM19C
1988,Cougar C20B,Cougar,C20B
1988,ALD 04,ALD,04
1988,March 88S,March,88S
1988,March 88S,March,88S
1988,Olmas GLT-200,Olmas,GLT-200
1988,Cougar C20,Cougar,C20
1988,Cougar C20,Cougar,C20
1988,Argo JM19B,Argo,JM19B
1988,TJ 01,TJ,01
1988,JTK 63C,JTK,63C
1988,Lincoln Mercury Merkur XR4Ti,Lincoln,Mercury Merkur XR4Ti
1988,Fabcar CL,Fabcar,CL
1988,Fabcar CL,Fabcar,CL
1989,Cougar C20B,Cougar,C20B
1989,Argo JM19C,Argo,JM19C
1989,March 88S,March,88S
1989,Cougar C22LM,Cougar,C22LM
1989,Cougar C22LM,Cougar,C22LM
1989,ALD C289,ALD,C289
1989,ADA 02B,ADA,02B
1989,ALD 04,ALD,04
1989,ALD 05,ALD,05
1989,ALD 06,ALD,06
1990,Cougar C24S,Cougar,C24S
1990,ADA 02B,ADA,02B
1990,Cougar C24S,Cougar,C24S
1990,Cougar C20S,Cougar,C20S
1990,ALD C289,ALD,C289
1990,Eagle 700,Eagle,700
1990,Argo JM19C,Argo,JM19C
1991,Cougar C26S,Cougar,C26S
1991,Cougar C26S,Cougar,C26S
1991,Cougar C26S,Cougar,C26S
1991,ROC 002,ROC,002
1991,ALD C91,ALD,C91
1991,Cougar C24S,Cougar,C24S
1992,Cougar C28LM,Cougar,C28LM
1992,Orion LM,Orion,LM
1992,Cougar C28LM,Cougar,C28LM
1992,Cougar C28LM,Cougar,C28LM
1992,Debora SP92,Debora,SP92
1992,BRM P351,BRM,P351
1992,ALD C289,ALD,C289
1992,BRM P351,BRM,P351
1992,Konrad KM-011,Konrad,KM-011
1992,Argo JM20B,Argo,JM20B
1992,Argo JM20B,Argo,JM20B
1992,ProSport 3000,ProSport,3000
1992,ProSport 3000,ProSport,3000
1992,ProSport 3000,ProSport,3000
1992,ProSport 3000,ProSport,3000
1993,Venturi 500LM,Venturi,500LM
1993,Venturi 500LM,Venturi,500LM
1993,Venturi 500LM,Venturi,500LM
1993,Venturi 500LM,Venturi,500LM
1993,Venturi 500LM,Venturi,500LM
1993,Lucchini SP91,Lucchini,SP91
1993,Debora SP93,Debora,SP93
1993,Venturi 500LM,Venturi,500LM
1993,Venturi 500LM,Venturi,500LM
1993,MIG M100,MIG,M100
1993,Allard J2X-C,Allard,J2X-C
1994,Dauer 962 Le Mans,Dauer,962 Le Mans
1994,Dauer 962 Le Mans,Dauer,962 Le Mans
1994,Venturi 400GTR,Venturi,400GTR
1994,Venturi 600LM,Venturi,600LM
1994,Venturi 400GTR,Venturi,400GTR
1994,Venturi 600LM,Venturi,600LM
1994,Venturi 600LM,Venturi,600LM
1994,ALD 06,ALD,06
1994,Debora LMP294,Debora,LMP294
1994,Alpa LM,Alpa,LM
1994,Harrier LR9C,Harrier,LR9C
1994,Pegasus,Pegasus,Unknown
1994,Venturi 600LM,Venturi,600LM
1994,Venturi 600LM,Venturi,600LM
1995,Kudzu DG-3,Kudzu,DG-3
1995,Debora LMP295,Debora,LMP295
1995,Venturi 600LM,Venturi,600LM
1995,Venturi 600LM,Venturi,600LM
1995,Venturi 600LM,Venturi,600LM
1995,Debora LMP201,Debora,LMP201
1995,Ascari FGT-LM,Ascari,FGT-LM
1995,VBM 4000GTC,VBM,4000GTC
1995,Venturi 400GTR,Venturi,400GTR
1995,PRC S94,PRC,S94
1995,Venturi 600LM,Venturi,600LM
1996,TWR Porsche WSC-95,TWR,Porsche WSC-95
1996,Kudzu DLM,Kudzu,DLM
1996,TWR Porsche WSC-95,TWR,Porsche WSC-95
1996,Debora LMP296,Debora,LMP296
1996,Venturi 600SLM,Venturi,600SLM
1996,Debora LMP295,Debora,LMP295
1996,VBM 4000GTC,VBM,4000GTC
1997,TWR Porsche WSC-95,TWR,Porsche WSC-95
1997,Kudzu DLM-4,Kudzu,DLM-4
1997,Saleen Mustang RRR,Saleen,Mustang RRR
1997,Saleen Mustang RRR,Saleen,Mustang RRR
1997,BRM P301,BRM,P301
1997,Debora LMP297,Debora,LMP297
1997,Matrix MPX-1,Matrix,MPX-1
1997,Helem-Renault Spider,Helem,Renault Spider
1997,Helem-Renault Spider,Helem,Renault Spider
1997,Gillet Vertigo V de V,Gillet,Vertigo V de V
1997,Saleen Mustang RRR,Saleen,Mustang RRR
1998,Debora LMP296,Debora,LMP296
1998,Helem,Helem,Unknown
1998,Sarta 624,Sarta,624
1998,Helem,Helem,Unknown
1998,Saleen Mustang,Saleen,Mustang
1998,Saleen Mustang,Saleen,Mustang
1999,Autoexe LMP99,Autoexe,LMP99
2000,Reynard 2KQ-LM,Reynard,2KQ-LM
2000,Reynard 2KQ-LM,Reynard,2KQ-LM
2000,Reynard 2KQ-LM,Reynard,2KQ-LM
2000,Reynard 2KQ-LM,Reynard,2KQ-LM
2000,Debora LMP2000,Debora,LMP2000
2000,Reynard 2KQ-LM,Reynard,2KQ-LM
2000,Ascari A410,Ascari,A410
2000,Harrier LR10-LMP,Harrier,LR10-LMP
2000,Debora LMP299,Debora,LMP299
2001,Reynard 2KQ-LM,Reynard,2KQ-LM
2001,Saleen S7-R,Saleen,S7-R
2001,Saleen S7-R,Saleen,S7-R
2001,Ascari A410,Ascari,A410
2001,Reynard 01Q-LM,Reynard,01Q-LM
2001,MG-Lola EX257,MG,Lola EX257
2001,Ascari A410,Ascari,A410
2001,MG-Lola EX257,MG,Lola EX257
2001,Reynard 01Q-LM,Reynard,01Q-LM
2001,Saleen S7-R,Saleen,S7-R
2001,Reynard 2KQ-LM,Reynard,2KQ-LM
2001,Saleen S7-R,Saleen,S7-R
2002,Reynard 2KQ-LM,Reynard,2KQ-LM
2002,Saleen S7-R,Saleen,S7-R
2002,Saleen S7-R,Saleen,S7-R
2002,MG-Lola EX257,MG,Lola EX257
2002,MG-Lola EX257,MG,Lola EX257
2002,Reynard 2KQ-LM,Reynard,2KQ-LM
2002,MG-Lola EX257,MG,Lola EX257
2002,Saleen S7-R,Saleen,S7-R
2002,Ascari KZR-1,Ascari,KZR-1
2002,Autoexe ( WR) LMP-02,Autoexe,( WR) LMP-02
2003,Reynard 2KQ-LM,Reynard,2KQ-LM
2003,DBA4 03S,DBA4,03S
2003,Durango LMP1,Durango,LMP1
2003,Saleen S7-R,Saleen,S7-R
2003,Reynard 01Q,Reynard,01Q
2003,MG-Lola EX257,MG,Lola EX257
2003,Saleen S7-R,Saleen,S7-R
2003,Pagani Zonda GR,Pagani,Zonda GR
2003,Saleen S7-R,Saleen,S7-R
2003,Saleen S7-R,Saleen,S7-R
2004,Nasamax ( Reynard) DM139,Nasamax,( Reynard) DM139
2004,MG-Lola EX257,MG,Lola EX257
2004,Reynard 2KQ,Reynard,2KQ
2004,Saleen S7-R,Saleen,S7-R
2004,Pagani Zonda,Pagani,Zonda
2005,DBA 03S,DBA,03S
2005,MG-Lola EX264,MG,Lola EX264
2005,Lucchini XV,Lucchini,XV
2005,Nasamax DM139,Nasamax,DM139
2005,Saleen S7-R,Saleen,S7-R
2005,Saleen S7-R,Saleen,S7-R
2006,MG-Lola EX264,MG,Lola EX264
2006,Saleen S7-R,Saleen,S7-R
2006,Creation CA06/H,Creation,CA06/H
2006,Creation CA06/H,Creation,CA06/H
2007,Saleen S7-R,Saleen,S7-R
2007,Saleen S7-R,Saleen,S7-R
2007,MG-Lola EX264,MG,Lola EX264
2007,Creation CA07,Creation,CA07
2008,Creation CA07,Creation,CA07
2008,Saleen S7-R,Saleen,S7-R
2008,Creation CA07,Creation,CA07
2008,Embassy WF01,Embassy,WF01
2008,MG-Lola EX265,MG,Lola EX265
2008,Lucchini LMP2-08,Lucchini,LMP2-08
2009,Creation CA07,Creation,CA07
2009,Euskadi ee2,Euskadi,ee2
2009,Euskadi ee2,Euskadi,ee2
2009,Saleen S7-R,Saleen,S7-R
2009,Aston Martini DBR9,Aston,Martini DBR9
2010,HPD ARX-01C,HPD,ARX-01C
2010,Saleen S7-R,Saleen,S7-R
2010,HPD ARX-01C,HPD,ARX-01C
2011,HPD ARX-01d,HPD,ARX-01d
2011,OAK Pescarolo 01,OAK,Pescarolo 01
2011,OAK Pescarolo 01,OAK,Pescarolo 01
2011,HPD ARX-01d,HPD,ARX-01d
2011,OAK Pescarolo 01,OAK,Pescarolo 01
2011,OAK Pescarolo 01,OAK,Pescarolo 01
2012,HPD ARX-03a,HPD,ARX-03a
2012,HPD ARX-03b,HPD,ARX-03b
2012,HPD ARX-03a,HPD,ARX-03a
2012,HPD ARX-03b,HPD,ARX-03b
2012,OAK Pescarolo 01,OAK,Pescarolo 01
2012,DeltaWing,DeltaWing,Unknown
2013,HPD ARX-03c,HPD,ARX-03c
2013,SRT Viper GTS-R,SRT,Viper GTS-R
2013,SRT Viper GTS-R,SRT,Viper GTS-R
2013,HPD ARX-03b,HPD,ARX-03b
2013,Green GT H2,Green,GT H2
2013,HPD ARX-03b,HPD,ARX-03b
2013,Formula Challenge Le Mans Oreca,Formula,Challenge Le Mans Oreca
2013,Formula Challenge Le Mans Oreca,Formula,Challenge Le Mans Oreca
2015,Gibson 015S,Gibson,015S
2015,BR Engineering BR01,BR,Engineering BR01
2015,BR Engineering BR01,BR,Engineering BR01
2015,Strakka Dome S103,Strakka,Dome S103
2015,Gibson 015S,Gibson,015S
2015,CLM P1/01,CLM,P1/01
2016,BR Engineering BR01,BR,Engineering BR01
2016,Gibson 015S,Gibson,015S
2016,BR Engineering BR01,BR,Engineering BR01
2016,Gibson 015S,Gibson,015S
2016,CLM P1/01,CLM,P1/01
2017,ENSO CLM P01/01,ENSO,CLM P01/01
2018,BR Engineering BR1,BR,Engineering BR1
2018,BR Engineering BR1,BR,Engineering BR1
2018,BR Engineering BR1,BR,Engineering BR1
2018,ENSO CLM P1/01,ENSO,CLM P1/01
2019,BR Engineering BR1,BR,Engineering BR1
2019,Aurus 01,Aurus,01
2019,BR Engineering BR1,BR,Engineering BR1
2019,ENSO CLM P1/01,ENSO,CLM P1/01
2019,BR Engineering BR1,BR,Engineering BR1
2020,Aurus 01,Aurus,01
2020,Aurus 01,Aurus,01
2020,ENSO CLM P1/01,ENSO,CLM P1/01
2021,Aurus 01 - Gibson,Aurus,01 - Gibson
2021,Aurus 01 - Gibson,Aurus,01 - Gibson
